{"cameraMode":{"drawMode":0,"name":"Shaded","section":"Shading Mode"},"sceneLighting":true,"audioPlay":false,"sceneViewState":{"showFog":true,"showMaterialUpdate":false,"showSkybox":true,"showFlares":true,"showImageEffects":true,"showParticleSystems":true},"in2DMode":false,"pivot":{"x":-7.535879135131836,"y":-42.154747009277347,"z":0.1355724334716797},"rotation":{"x":0.6366350650787354,"y":-0.08141953498125076,"z":0.06785907596349716,"w":0.7638496160507202},"size":38.129024505615237,"orthographic":false}