{"cameraMode":{"drawMode":0,"name":"Shaded","section":"Shading Mode"},"sceneLighting":true,"audioPlay":false,"sceneViewState":{"showFog":true,"showMaterialUpdate":false,"showSkybox":true,"showFlares":true,"showImageEffects":true,"showParticleSystems":true},"in2DMode":false,"pivot":{"x":-10.013652801513672,"y":-2.0991439819335939,"z":-16.886266708374025},"rotation":{"x":0.5452665090560913,"y":-0.4398415982723236,"z":0.4112482964992523,"w":0.5831853151321411},"size":11.580170631408692,"orthographic":false}