{"cameraMode":{"drawMode":0,"name":"Shaded","section":"Shading Mode"},"sceneLighting":true,"audioPlay":false,"sceneViewState":{"showFog":true,"showMaterialUpdate":false,"showSkybox":true,"showFlares":true,"showImageEffects":true,"showParticleSystems":true},"in2DMode":false,"pivot":{"x":-29.283517837524415,"y":1.3504809141159058,"z":47.720401763916019},"rotation":{"x":-0.2165495604276657,"y":0.6267343163490295,"z":-0.18657396733760835,"w":-0.7252347469329834},"size":45.26310729980469,"orthographic":false}