{"cameraMode":{"drawMode":0,"name":"Shaded","section":"Shading Mode"},"sceneLighting":true,"audioPlay":false,"sceneViewState":{"showFog":true,"showMaterialUpdate":false,"showSkybox":true,"showFlares":true,"showImageEffects":true,"showParticleSystems":true},"in2DMode":false,"pivot":{"x":-10.582375526428223,"y":-37.33551788330078,"z":42.27927017211914},"rotation":{"x":0.47253215312957766,"y":-0.020874757319688798,"z":0.011195839382708073,"w":0.8809980750083923},"size":30.56692123413086,"orthographic":false}