{"cameraMode":{"drawMode":0,"name":"Shaded","section":"Shading Mode"},"sceneLighting":true,"audioPlay":false,"sceneViewState":{"showFog":true,"showMaterialUpdate":false,"showSkybox":true,"showFlares":true,"showImageEffects":true,"showParticleSystems":true},"in2DMode":false,"pivot":{"x":-29.998661041259767,"y":1.572849988937378,"z":47.09068298339844},"rotation":{"x":0.0106781255453825,"y":-0.7065423130989075,"z":0.7078248262405396,"w":0.010079470463097096},"size":67.98997497558594,"orthographic":false}